taxon_level1,base_path
Brexit,/government/publications/exporting-animals-and-animal-products-if-theres-no-brexit-deal/exporting-animals-and-animal-products-if-theres-no-brexit-deal
Brexit,/government/news/secretary-of-state-update-to-the-house-of-commons-on-eu-negotiations
Brexit,/eu-withdrawal-act-2018-statutory-instruments/the-pesticides-amendment-northern-ireland-eu-exit-regulations-2019
Brexit,/government/news/david-davis-heads-to-brussels-tomorrow-with-a-clear-message-we-are-leaving-the-european-union
Brexit,/eu-withdrawal-act-2018-statutory-instruments/the-food-and-feed-hygiene-and-safety-amendment-northern-ireland-eu-exit-regulations-2019
Brexit,/government/publications/developing-genetically-modified-organisms-gmos-if-theres-no-brexit-deal/developing-genetically-modified-organisms-gmos-if-theres-no-brexit-deal
Brexit,/government/publications/communique-from-the-inter-ministerial-group-for-environment-food-and-rural-affairs/inter-ministerial-group-for-environment-food-and-rural-affairs-img-efra-communique-24-june-2019
Brexit,/government/news/command-paper-sets-out-the-uk-governments-delivery-of-its-commitments-to-the-people-of-northern-ireland
Brexit,/government/publications/exporting-goods-from-great-britain-to-the-eu-via-the-short-straits
Brexit,/government/speeches/pm-press-statement-at-european-council-14-december-2018
Brexit,/government/news/new-international-trade-profession-launched-across-whitehall
Brexit,/government/publications/accessing-public-sector-contracts-if-theres-no-brexit-deal/accessing-public-sector-contracts-if-theres-no-brexit-deal
Brexit,/eu-withdrawal-act-2018-statutory-instruments/the-european-structural-and-investment-funds-common-provisions-rules-etc-amendment-etc-eu-exit-regulations-2018
Brexit,/government/news/voting-rights-treaty-secured-with-portugal
Brexit,/government/news/foreign-secretary-to-discuss-brexit-with-four-european-allies
Brexit,/government/news/pm-meeting-with-prime-minister-costa-10-april-2018
Brexit,/eu-withdrawal-act-2018-statutory-instruments/si-the-cash-controls-amendment-eu-exit-regulations-2019
Brexit,/government/publications/eu-exit-preparations-ministerial-direction
Brexit,/government/publications/uk-proposals-for-a-new-protocol-on-irelandnorthern-ireland
Brexit,/guidance/manage-your-import-vat-on-parcels
Brexit,/eu-withdrawal-act-2018-statutory-instruments/the-trade-in-animals-and-related-products-amendment-eu-exit-regulation-2018
Brexit,/government/news/pms-call-with-prime-minister-gentiloni-17-oct-2017
Brexit,/government/publications/banking-insurance-and-other-financial-services-if-theres-no-brexit-deal/banking-insurance-and-other-financial-services-if-theres-no-brexit-deal-information-for-financial-services-institutions
Brexit,/government/news/pm-call-with-prime-minister-rajoy-17-oct-2017
Brexit,/government/publications/plant-variety-rights-and-marketing-of-seed-and-propagating-material-if-theres-no-brexit-deal
Brexit,/government/speeches/trade-policy-townhall
Business and industry,/government/consultations/consultation-on-the-implementation-of-the-consumer-rights-directive-2011-83-eu
Business and industry,/government/publications/coal-authority-business-impact-target-assessments
Business and industry,/government/publications/trailer-registration-primary-rpc-opinion
Business and industry,/government/news/court-orders-disqualification-for-director-who-failed-to-keep-adequate-records-and-could-not-account-for-stock
Business and industry,/government/news/are-there-links-between-problem-gambling-and-fixed-odds-betting-terminals
Business and industry,/government/organisations/intellectual-property-office/about/staff-update
Business and industry,/government/news/cma-publishes-issues-statement-for-prs-review
Business and industry,/government/speeches/high-speed-rail--30
Business and industry,/government/news/lubricants-merger-faces-phase-2-investigation-unless-undertakings-offered
Business and industry,/government/publications/non-tech-summaries-2015-projects-on-human-infectious-diseases
Business and industry,/government/news/alun-cairns-welsh-manufacturing-firms-should-be-at-the-forefront-of-innovation-as-we-leave-the-eu
Business and industry,/cma-cases/incentive-leisure-group-mis-selling-timeshare-products
Business and industry,/government/publications/redundancy-payments-from-the-insolvency-service
Business and industry,/government/case-studies/apprentice-myth-busting-engineering-is-just-for-boys
Business and industry,/government/publications/women-in-finance-charter
Business and industry,/government/news/rbs-bad-bank-review-getting-taxpayers-money-back-video
Business and industry,/government/news/budget-2014-outlines-benefits-for-scotland
Business and industry,/government/statistics/great-britain-day-visits-survey-january-to-june-2014
Business and industry,/government/publications/highways-agency-portal-winning-tender-submission-foi
Business and industry,/government/publications/notice-to-exporters-202109-new-uk-trade-sanctions-on-belarus
Business and industry,/government/publications/uk-ncp-steering-board-meeting-minutes-11-december-2019
Business and industry,/government/news/uk-government-trade-hub-launched-to-support-scottish-businesses
Business and industry,/government/news/britain-to-have-new-national-high-speed-rail-network
Business and industry,/government/publications/city-deals-and-skills-how-have-city-and-local-growth-deals-supported-the-development-of-employment-and-skills-policy
Business and industry,/government/news/uk-japan-trade-hits-record-high-in-boost-for-scottish-firms
Business and industry,/government/news/synthetic-environment-tower-community-of-practice--2
Coronavirus (COVID-19),/government/statistics/weekly-personal-protective-equipment-ppe-deliveries-northern-ireland-week-ending-6th-march-2020-to-week-ending-31st-december-2021
Coronavirus (COVID-19),/government/statistics/coronavirus-and-the-social-impacts-on-great-britain-18-june-2021
Coronavirus (COVID-19),/government/publications/sage-102-minutes-coronavirus-covid-19-response-7-january-2022
Coronavirus (COVID-19),/government/news/scottish-labour-market-statistics-for-three-months-to-august-2020
Coronavirus (COVID-19),/government/publications/weekly-statistics-for-nhs-test-and-trace-england-10-to-16-february-2022
Coronavirus (COVID-19),/government/statistics/coronavirus-and-the-social-impacts-on-great-britain-26-june-2020
Coronavirus (COVID-19),/government/publications/spi-m-o-consensus-statement-on-events-and-gatherings-19-august-2020
Coronavirus (COVID-19),/government/news/more-than-4-million-people-receive-first-dose-of-covid-19-vaccine-in-uk
Coronavirus (COVID-19),/government/publications/phe-serological-surveillance-summary-report-2-28-april-2020
Coronavirus (COVID-19),/government/publications/emg-role-of-ventilation-in-controlling-sars-cov-2-transmission-30-september-2020
Coronavirus (COVID-19),/government/speeches/health-and-social-care-secretarys-statement-on-coronavirus-covid-19-8-february-2021
Coronavirus (COVID-19),/government/publications/information-on-the-events-research-programme
Coronavirus (COVID-19),/government/news/additional-support-for-hounslow-scaled-back-as-spread-of-covid-19-slows
Coronavirus (COVID-19),/government/statistics/coronavirus-job-retention-scheme-statistics-july-2020
Coronavirus (COVID-19),/government/statistics/coronavirus-and-the-social-impacts-on-great-britain-29-may-2020
Coronavirus (COVID-19),/government/publications/letter-from-housing-minister-on-ventilation-guidance-for-landlords-and-residents-to-help-combat-the-transmission-of-covid-19-during-winter
Coronavirus (COVID-19),/government/news/chancellor-shops-at-outdoor-market-marking-first-step-in-plan-to-reopen-economy
Coronavirus (COVID-19),/government/publications/emg-transmission-group-covid-19-transmission-in-prison-settings-25-march-2021
Coronavirus (COVID-19),/government/publications/higher-education-restructuring-regime-guidance-for-applicants
Coronavirus (COVID-19),/government/news/all-adults-to-be-offered-covid-19-boosters-by-end-of-january
Coronavirus (COVID-19),/government/publications/lshtm-interim-roadmap-assessment-prior-to-steps-3-and-4-5-may-2021
Coronavirus (COVID-19),/government/speeches/environment-secretarys-statement-on-coronavirus-covid-19-19-may-2020
Coronavirus (COVID-19),/government/news/life-saving-vaccination-programme-to-hit-more-major-milestones-as-new-vaccine-added-to-armoury
Coronavirus (COVID-19),/government/publications/covid-19-series-briefing-on-schools-september-2020
Coronavirus (COVID-19),/government/publications/spi-b-policing-and-security-sub-group-security-and-policing-challenges-horizon-scanning-21-september-2020
Coronavirus (COVID-19),/guidance/making-a-childcare-bubble-with-another-household
Corporate information,/government/organisations/government-actuarys-department/about/staff-update
Corporate information,/government/news/sellafield-site-emergency-exercise-tuesday-19-october-2021
Corporate information,/government/publications/oag-spending-over-25000-for-january-2020
Corporate information,/government/organisations/competition-and-markets-authority/about/our-governance
Corporate information,/government/publications/privacy-notice-for-covid-19-response-activity
Corporate information,/government/news/change-of-her-majestys-ambassador-to-uzbekistan-summer-2019
Corporate information,/government/organisations/foreign-commonwealth-office/about/our-governance
Corporate information,/government/publications/equality-analysis-public-health-england
Corporate information,/government/publications/gfsl-gender-pay-gap-reporting-2018
Corporate information,/government/publications/phe-government-procurement-card-spend-over-500-september-2019
Corporate information,/government/news/report-to-parliament-published
Corporate information,/government/publications/office-of-the-secretary-of-state-for-scotland-information-asset-register
Corporate information,/government/publications/the-office-for-standards-in-education-childrens-services-and-skills-departmental-report-2008-to-2009
Corporate information,/government/news/coronavirus-dit-offers-support-to-exporters-and-investors
Corporate information,/government/publications/scotland-office-departmental-spend-over-25000-october-2014
Corporate information,/guidance/preparing-for-the-civil-service-judgement-test
Corporate information,/government/collections/fcdo-workforce-management-information
Corporate information,/government/publications/ssro-corporate-plan-2020-2023
Corporate information,/government/publications/office-for-standards-in-education-childrens-services-and-skills-annual-report-and-accounts-2011-to-2012
Corporate information,/government/publications/phe-spend-over-25000-august-2015
Corporate information,/government/news/corona-virus-covid-19-updates-and-changes-to-services
Corporate information,/government/publications/fsa-workforce-management-information-november-2021
Corporate information,/government/publications/office-of-the-advocate-general-ministerial-gifts-hospitality-travel-and-meetings-april-to-june-2019
Corporate information,/government/publications/phe-spend-over-25000-february-2014
Corporate information,/government/news/welsh-students-invited-to-apply-now-for-student-finance
Corporate information,/government/publications/cma-structure
"Crime, justice and law",/employment-tribunal-decisions/mr-r-saunders-v-dps-remedials-ltd-2401843-2016
"Crime, justice and law",/employment-tribunal-decisions/miss-m-stead-v-weir-engineering-services-ltd-4104744-2018
"Crime, justice and law",/employment-tribunal-decisions/mr-j-hilton-v-ravens-trailers-ltd-1800001-slash-2022
"Crime, justice and law",/employment-tribunal-decisions/mrs-g-gibson-v-surrey-heath-age-concern-cio-3321581-2019
"Crime, justice and law",/employment-tribunal-decisions/mr-m-fox-v-jewson-ltd-saint-gobain-building-distribution-uk-ireland-3322318-2019
"Crime, justice and law",/employment-tribunal-decisions/mr-ca-maddox-v-mini-marquee-manufacturing-ltd-2600396-2017
"Crime, justice and law",/employment-tribunal-decisions/miss-l-kandler-dick-v-miss-iesha-notice-t-a-ice-tickles-childcare-2303685-2018
"Crime, justice and law",/residential-property-tribunal-decisions/52-victoria-road-northampton-nn1-5eq-cam-34uf-hna-2019-0010
"Crime, justice and law",/employment-tribunal-decisions/mrs-c-hepworth-v-kingstown-furniture-ltd-in-administration-1803287-2019
"Crime, justice and law",/employment-tribunal-decisions/mrs-s-bemand-v-cross-compliance-solutions-ltd-t-slash-a-cxs-1302269-slash-2020
"Crime, justice and law",/employment-tribunal-decisions/mrs-u-rani-v-secretary-of-state-for-business-energy-and-industrial-strategy-and-jalal-int-ltd-compulsory-liquidation-1303218-2017
"Crime, justice and law",/employment-tribunal-decisions/mr-f-lowen-v-network-rail-infrastructure-ltd-2424640-2017
"Crime, justice and law",/employment-tribunal-decisions/mr-j-bruno-v-envirotech-properties-ltd-2300532-2017
"Crime, justice and law",/employment-tribunal-decisions/mr-s-selby-v-county-cars-taxis-ltd-and-mark-edwards-1401393-2018
"Crime, justice and law",/employment-tribunal-decisions/mr-r-dawes-v-abertawe-bro-morgannwg-university-health-board-1600342-2016
"Crime, justice and law",/employment-tribunal-decisions/ms-l-niven-v-the-city-of-edinburgh-council-109620-2008
"Crime, justice and law",/residential-property-tribunal-decisions/flats-5-and-8-bessacarr-court-bawtry-road-doncaster-dn4-7ap-man-slash-00ce-slash-lrm-slash-2021-slash-0001
"Crime, justice and law",/employment-tribunal-decisions/mrs-a-ward-v-pepper-uk-3329350-2017
"Crime, justice and law",/employment-tribunal-decisions/mr-j-algar-v-ship-elj-pub-ltd-2600438-2019
"Crime, justice and law",/employment-tribunal-decisions/mr-michal-woloszyn-v-hot-may-pot-pot-ltd-2202151-2020
"Crime, justice and law",/employment-tribunal-decisions/ms-n-bibi-v-primark-stores-ltd-2402993-2017
"Crime, justice and law",/residential-property-tribunal-decisions/191-bulstrode-avenue-hounslow-tw3-3af-ref-lon-slash-00at-slash-htc-slash-2020-slash-0023
"Crime, justice and law",/government/news/crowd-safety-app-to-launch-following-home-office-funding
"Crime, justice and law",/employment-tribunal-decisions/mr-r-kowalewski-v-natural-science-aromas-ltd-3329431-2017
"Crime, justice and law",/employment-tribunal-decisions/mr-a-watson-v-interserve-fs-uk-ltd-2500929-2017
"Crime, justice and law",/employment-tribunal-decisions/mr-m-crawley-v-leeds-city-council-and-henry-moore-foundation-1803657-2019
Defence and armed forces,/government/publications/dio-technical-guidance-documents
Defence and armed forces,/government/news/dragon-readies-for-counter-piracy-mission-in-crete
Defence and armed forces,/government/news/major-natalie-taylor-wins-marie-claire-award
Defence and armed forces,/government/news/tornado-squadrons-to-be-disbanded
Defence and armed forces,/government/news/131-2012-navy-roars-into-the-mediterranean-for-major-exercise-with-international-allies
Defence and armed forces,/government/news/royal-navy-teams-help-prevent-tug-sinking
Defence and armed forces,/government/case-studies/global-threat-reduction-programme-atomflot-spent-nuclear-fuel-interim-storage-facility-and-site-security-upgrades
Defence and armed forces,/government/news/major-investment-boost-for-next-generation-royal-navy-ships
Defence and armed forces,/government/publications/regulatory-article-ra-4607-aircraft-role-equipment-maintenance-modification-and-control
Defence and armed forces,/government/news/identifying-cyber-insider-threats-in-real-time
Defence and armed forces,/government/collections/mod-new-joiner-offer-project
Defence and armed forces,/government/statistics/mod-diversity-dashboard-december-2021
Defence and armed forces,/government/publications/regulatory-article-ra-3203-air-traffic-management-atm-medical-requirements
Defence and armed forces,/government/publications/guidance-on-the-baseline-profit-rate-and-its-adjustment
Defence and armed forces,/government/publications/foi-responses-released-by-mod-week-commencing-20-april-2015
Defence and armed forces,/government/publications/the-number-of-arrests-by-cnc-officers-for-motorists-failing-breath-tests
Defence and armed forces,/guidance/british-offset-office
Defence and armed forces,/government/news/hms-richmond-deploys-on-counter-piracy-mission
Defence and armed forces,/government/publications/regulatory-article-ra-1123-certificate-of-usage-for-military-registered-civil-owned-aircraft
Defence and armed forces,/government/news/royal-marine-leads-first-landings-with-brazilian-marines
Defence and armed forces,/government/statistics/uk-armed-forces-redundancy-program-statistics-tranche-4
Defence and armed forces,/government/news/royal-navy-officer-rises-up-the-pink-list
Defence and armed forces,/government/publications/disability-mental-health-and-wellbeing-civilian-workforce-report-2019
Defence and armed forces,/government/publications/compulsory-drug-testing-results-2009-2011
Defence and armed forces,/government/publications/explosives-precursors-and-poisons-medical-form
Defence and armed forces,/government/statistics/uk-armed-forces-personnel-deployments-financial-year-201617
"Education, training and skills",/government/news/free-schools-leading-the-way-with-top-primary-school-results
"Education, training and skills",/government/consultations/consultation-on-the-arrangements-for-the-assessment-and-awarding-of-vocational-technical-and-other-general-qualifications-in-2020-to-2021
"Education, training and skills",/government/publications/teachers-pension-scheme-regulations-draft-amendments
"Education, training and skills",/government/consultations/teachers-pension-scheme-regulations-2021-draft-amendments
"Education, training and skills",/government/publications/teacher-misconduct-panel-outcome-mr-andrew-wall
"Education, training and skills",/government/publications/belmont-infant-school-and-belmont-junior-schools
"Education, training and skills",/guidance/how-to-complete-the-revenue-funding-data-collection-rfdc
"Education, training and skills",/government/publications/lrs-registration-documents
"Education, training and skills",/government/publications/teacher-misconduct-panel-outcome-mr-haroon-ishtiaq
"Education, training and skills",/government/publications/letter-to-academy-trust-accounting-officers-september-2018
"Education, training and skills",/government/publications/madani-boys-and-madani-girls-schools
"Education, training and skills",/government/publications/inspecting-education-quality-lesson-observation-and-workbook-scrutiny
"Education, training and skills",/government/publications/residential-support-scheme-guide-for-2014-to-2015
"Education, training and skills",/guidance/early-years-initial-teacher-training-2020-to-2021-funding-guidance
"Education, training and skills",/government/publications/teacher-misconduct-panel-outcome-dr-david-mansfield
"Education, training and skills",/government/news/salaries-of-top-academy-bosses-to-be-fair-proportionate-and-justified
"Education, training and skills",/government/publications/reducing-teacher-workload-education-development-trust-report
"Education, training and skills",/government/publications/teacher-misconduct-panel-outcome-dr-earl-beckles
"Education, training and skills",/government/news/scheme-to-help-adults-retrain-gets-underway
"Education, training and skills",/government/collections/maintained-schools-and-academies-inspections-and-outcomes-official-statistics
"Education, training and skills",/government/statistics/announcements/pupil-absence-in-schools-in-england-autumn-term-2016--2
"Education, training and skills",/government/publications/review-of-vocational-education-the-wolf-report
"Education, training and skills",/government/publications/teacher-misconduct-panel-outcome-mrs-jean-hawksworth
"Education, training and skills",/government/news/ofsted-seeks-to-make-oversight-of-subcontractors-more-comprehensive-and-transparent
"Education, training and skills",/government/publications/trends-in-arts-subjects-in-schools-with-increased-ebacc-entry
"Education, training and skills",/government/publications/cheam-common-infant-school
Entering and staying in the UK,/government/publications/letter-to-the-mac-on-the-shortage-occupation-lists-report
Entering and staying in the UK,/government/publications/chapter-15-section-3-nato-civilian-employees
Entering and staying in the UK,/government/publications/tuberculosis-test-for-a-uk-visa-clinics-in-guatemala
Entering and staying in the UK,/government/publications/application-to-extend-tier-2-visa-to-5-years-in-uk-form-t2-w
Entering and staying in the UK,/government/publications/chapter-27-section-1-judicial-review
Entering and staying in the UK,/government/statistics/national-insurance-number-allocations-to-adult-overseas-nationals-to-september-2018
Entering and staying in the UK,/government/publications/border-and-immigration-cross-cutting-data-august-2017
Entering and staying in the UK,/government/publications/response-to-a-report-on-an-inspection-of-country-of-origin-information
Entering and staying in the UK,/government/publications/gateway-protection-programme-information-for-organisations
Entering and staying in the UK,/government/publications/guidance-for-syrian-nationals-in-the-uk-on-how-to-extend-their-visa
Entering and staying in the UK,/government/publications/no-deal-immigration-arrangements-for-eu-citizens-moving-to-the-uk-after-brexit
Entering and staying in the UK,/government/publications/recommended-shortage-occupation-lists-for-the-uk-and-scotland-second-review-oct-2009
Entering and staying in the UK,/government/publications/statement-of-changes-to-the-immigration-rules-cm6297-august-2004
Entering and staying in the UK,/government/publications/implementing-the-un-guiding-principles-on-business-and-human-rights-may-2020-update
Entering and staying in the UK,/government/news/thousands-more-citizens-granted-status-through-settlement-scheme
Entering and staying in the UK,/government/statistics/ward-level-population-estimates-experimental-statistics
Entering and staying in the UK,/religious-worker-visa
Entering and staying in the UK,/guidance/prove-your-english-language-abilities-with-a-secure-english-language-test-selt
Entering and staying in the UK,/guidance/prove-your-right-to-work-eu-eea-and-swiss-citizens
Entering and staying in the UK,/government/publications/oisc-level-1-exam-resource-booklet
Entering and staying in the UK,/government/news/family-unit-at-yarls-wood-to-close
Entering and staying in the UK,/government/publications/asylum-transparency-data-august-2018
Entering and staying in the UK,/government/statistics/immigration-statistics-april-to-june-2014
Entering and staying in the UK,/guidance/using-the-uk-immigration-id-check-app
Entering and staying in the UK,/government/publications/gibraltar-apply-for-a-uk-visa
Entering and staying in the UK,/government/publications/the-immigration-pace-codes-of-practice-direction-2013--2
Environment,/government/news/animal-medicine-seizure-notice-parcel-addressed-to-coalisland-county-tyrone-2-of-2
Environment,/government/publications/marine-conservation-zones-south-west-deeps-east
Environment,/government/publications/b49-6je-the-heart-of-england-forest-environmental-permit-application-advertisement-eprqb3499ama001
Environment,/guidance/rural-payments-land-use-codes-2022
Environment,/government/publications/urban-tree-challenge-fund-application-form-round-3
Environment,/government/news/changes-to-badger-vaccine-deployment-project
Environment,/government/news/short-list-for-uk-s-1bn-ccs-competition-announced
Environment,/government/publications/dn14-7jy-mr-matthew-axup-and-mr-robert-axup-environmental-permit-application-advertisement-eprxp3008bya001
Environment,/government/publications/lumpy-skin-disease-in-turkey
Environment,/guidance/non-organic-ingredients-get-permission-to-use-them
Environment,/government/publications/government-response-to-the-second-annual-progress-report-of-the-committee-on-climate-change
Environment,/government/statistics/renewables-obligation-certificates-and-generation-may-2016
Environment,/government/statistics/2012-sub-regional-fuel-poverty-data-low-income-high-costs-indicator
Environment,/government/news/high-pollution-episode-warning-first-summer-smog-of-2011
Environment,/government/publications/boulters-to-bray-swim-2015-river-restriction-notice
Environment,/government/news/future-water-policy-an-issue-that-affects-all-of-us-says-environment-minister
Environment,/government/publications/fourth-supplementary-list-2008
Environment,/government/publications/nw10-6sn-vale-europe-limited-permit-surrender-issued-eprbm1741iss004
Environment,/government/publications/humber-river-basin-district-river-basin-management-plan
Environment,/government/publications/exotic-global-breeds-at-risk
Environment,/government/publications/permitting-of-air-separation-units
Environment,/government/publications/henley-masters-regatta-2021-river-restriction-notice
Environment,/government/publications/national-committee-for-england-meeting-15-november-2018-bristol
Environment,/government/publications/setting-the-limit-on-the-use-of-international-carbon-units-for-the-second-carbon-budget-period-2013-to-2017
Environment,/government/publications/ahwbe-register-of-interests
Environment,/government/publications/de7-4qu-go-plant-limited-environmental-permit-application-advertisement-eprkb3609xva001
Going and being abroad,/government/publications/mongolia-prisoner-pack
Going and being abroad,/government/publications/medical-facilities
Going and being abroad,/government/publications/luxembourg-consular-fees
Going and being abroad,/government/news/government-doing-all-it-can-to-assist-britons-in-libya
Going and being abroad,/government/news/foreign-office-minister-meets-families-of-missing-cheeki-rafiki-crew-members
Going and being abroad,/government/speeches/queens-birthday-virtual-celebration-2021-hosted-in-santiago
Going and being abroad,/government/publications/turkey-consular-fees
Going and being abroad,/guidance/living-in-croatia
Going and being abroad,/government/publications/lesotho-prisoner-pack
Going and being abroad,/government/publications/non-eu-family-members-of-uk-nationals-living-in-italy
Going and being abroad,/government/news/foreign-secretary-confirms-amendments-to-consular-guidance
Going and being abroad,/government/news/update-of-changes-to-birth-and-death-registration-overseas
Going and being abroad,/government/news/more-men-being-forced-into-marriage
Going and being abroad,/government/publications/chad-list-of-medical-facilities
Going and being abroad,/government/publications/morocco-list-of-lawyers
Going and being abroad,/government/speeches/arrest-of-6-british-nationals-in-russia
Going and being abroad,/government/statistics/travel-trends-2019
Going and being abroad,/government/publications/shelters-for-women-in-lebanon
Going and being abroad,/government/publications/bereavement-in-china
Going and being abroad,/government/publications/brunei-list-of-medical-facilities-and-practitioners
Going and being abroad,/government/publications/passport-design-changes
Going and being abroad,/government/news/britons-advised-to-be-passportaware-on-their-holidays
Going and being abroad,/government/publications/south-africa-list-of-medical-facilities
Going and being abroad,/guidance/notarial-and-documentary-services-guide-for-austria
Going and being abroad,/government/news/foreign-office-steps-up-plans-to-bring-home-britons-stranded-overseas
Going and being abroad,/government/news/the-xix-pontignano-conference-democracy-and-its-discontents
Government,/government/publications/hmrc-spending-over-25000-february-2021
Government,/government/publications/cr6-9jh-environmental-permit-application-advertisement
Government,/government/publications/me10-2qb-sweeep-kuusakoski-limited-environmental-permit-issued
Government,/guidance/assistant-economist-recruitment
Government,/government/publications/beis-workforce-management-information-december-2020
Government,/government/publications/family-resources-survey-data-release-and-control
Government,/government/publications/fco-services-workforce-management-information-on-ethnicity-2019-to-2020
Government,/government/publications/local-authority-mutual-aid-a-short-guide
Government,/government/publications/bh21-5bu-environmental-permit-issued
Government,/government/publications/uk-government-ict-strategy-resources
Government,/government/publications/central-government-supply-estimates-2002-to-2003-main-supply-estimates
Government,/government/publications/national-institute-for-health-and-clinical-excellence-annual-report-and-accounts-2012-to-2013
Government,/government/speeches/prime-minister-boris-johnsons-christmas-message-24-december-2019
Government,/government/publications/government-response-to-report-on-delays-in-passport-application-processing
Government,/government/publications/foreign-office-spend-over-25000-for-november-2010
Government,/government/publications/london-thames-gateway-development-corporation-annual-report-and-accounts-2010-to-2011
Government,/government/news/civil-contingencies-act-enhancement-programme-phase-2-consultation-on-revised-chapters-of-emergency-preparedness
Government,/european-structural-investment-funds/access-to-employment-for-jobseekers-and-inactive-people-gbslep-it-call-specification-oc12s17p0739
Government,/government/publications/gad-spend-greater-than-25000-2019
Government,/government/publications/fraser-simon-permanent-under-secretary-foreign-commonwealth-office-acoba-recommendation
Government,/government/speeches/spending-review-2020-speech
Government,/government/publications/dwp-senior-officials-business-expenses-and-hospitality-jul-to-sep-2018
Government,/government/publications/cm2-7rp-brett-aggregates-limited-environmental-permit-application-advertisement
Government,/government/publications/gu30-7pg-a-w-b-recycling-limited-environmental-permit-application-advertisement
Government,/government/publications/complaints-about-dwp-financial-year-2020-to-2021
Government,/government/publications/greening-government-ict-sustainable-technology-annual-report-2018-to-2019
Health and social care,/government/publications/department-of-health-future-staffing-requirements
Health and social care,/government/statistics/announcements/mental-health-community-teams-activity-quarter-ending-march-2015
Health and social care,/government/publications/carcroft-health-centre-cervical-screening-programme
Health and social care,/government/publications/regulatory-approval-of-evusheld-tixagevimabcilgavimab
Health and social care,/government/publications/marketing-authorisations-granted-in-march-2019
Health and social care,/government/publications/newborn-blood-spot-screening-programme-updates
Health and social care,/government/publications/further-information-for-legal-professionals-on-clause-1-of-the-health-and-social-care-bill
Health and social care,/government/statistics/diagnostic-imaging-dataset-for-august-2020
Health and social care,/government/consultations/nice-guidance-and-quality-standards-on-new-social-care-topics
Health and social care,/drug-safety-update/epoetin-beta-neorecormon-increased-risk-of-retinopathy-in-preterm-infants-cannot-be-excluded
Health and social care,/government/news/global-health-changes-and-overcoming-regulatory-challenges-was-a-major-part-of-the-mhra-annual-lecture
Health and social care,/government/consultations/consultation-on-proposal-to-make-aquiette-25mg-tablets-oxybutynin-hydrochloride-available-from-pharmacies
Health and social care,/government/news/uk-public-health-rapid-support-team-appoints-first-director
Health and social care,/government/statistics/improving-access-to-psychological-therapies-report-jul-final-aug-primary-2015-and-q1-201516
Health and social care,/government/publications/information-for-the-review-body-on-doctors-and-dentists-remuneration-ddrb-review-for-2012
Health and social care,/government/organisations/national-data-guardian/about/terms-of-reference
Health and social care,/government/news/further-environmental-checks-for-grenfell-site
Health and social care,/government/statistics/announcements/nhs-health-check-quarterly-statistics-june-to-september-2014-offers-and-uptake--4
Health and social care,/government/news/running-away-report
Health and social care,/government/statistics/ambulance-quality-indicators-clinical-outcomes-for-january-2015
Health and social care,/government/publications/specification-for-ventilators-to-be-used-in-uk-hospitals-during-the-coronavirus-covid-19-outbreak
Health and social care,/government/publications/leicestershire-and-rutland-breast-screening-programme
Health and social care,/government/publications/local-payment-example-outcomes-based-payment-for-mental-healthcare
Health and social care,/government/publications/ckd-prevalence-estimates-for-local-and-regional-populations
Health and social care,/government/statistics/provisional-quarterly-patient-reported-outcome-measures-proms-in-england-apr-2016-to-mar-2017-feb-2018-release
Health and social care,/government/publications/voluntary-scheme-aggregate-net-sales-and-payment-information-february-2022
"Housing, local and community",/government/news/domestic-heating-oil-supplies-written-ministerial-statement-by-charles-hendry--2
"Housing, local and community",/government/news/struggling-households-should-seek-support
"Housing, local and community",/government/news/next-steps-accommodation-programme-making-a-home-for-peter
"Housing, local and community",/government/publications/request-for-information-on-the-contracts-the-hca-has-entered-into-with-mitie-since-the-hca-was-formed
"Housing, local and community",/government/news/protecting-green-spaces
"Housing, local and community",/government/news/192000-households-helped-to-become-homeowners-through-government-schemes
"Housing, local and community",/government/statistics/northern-ireland-fuel-price-ready-reckoner-for-fuel-poverty
"Housing, local and community",/government/publications/energy-company-obligation-guidance-on-carbon-saving-community-obligation
"Housing, local and community",/government/news/new-funding-to-crack-down-on-rogue-landlords-and-tackle-beds-in-sheds
"Housing, local and community",/government/publications/coal-mining-data-fissures-and-breaklines
"Housing, local and community",/government/publications/dclg-exceptions-to-spending-controls-oct-2011-to-dec-2012
"Housing, local and community",/government/news/new-strategy-to-deliver-homes-and-strengthen-the-economy
"Housing, local and community",/government/publications/supported-housing-oversight-pilots-independent-evaluation
"Housing, local and community",/government/publications/smart-metering-implementation-programme-smart-metering-for-non-domestic-customers
"Housing, local and community",/government/publications/letters-on-the-safety-of-large-panel-system-buildings-5-september-2017
"Housing, local and community",/government/organisations/land-registry/about/research
"Housing, local and community",/government/news/abergelli-power-project-granted-development-consent
"Housing, local and community",/government/publications/access-to-and-charging-for-planning-information-guidance
"Housing, local and community",/government/news/a303-sparkford-to-ilchester-dualling-granted-development-consent
"Housing, local and community",/government/statistics/northern-ireland-housing-bulletin-october-december-2021
"Housing, local and community",/government/news/eric-pickles-flies-falklands-flag-to-mark-liberation-day
"Housing, local and community",/government/publications/regulatory-judgement-jigsaw-homes-group-limited
"Housing, local and community",/government/publications/the-governments-response-to-the-rita-donaghy-report
"Housing, local and community",/government/publications/hm-land-registry-request-for-information-requisition-data-july-to-september-2018
"Housing, local and community",/government/publications/post-legislative-scrutiny-of-the-energy-act-2008
"Housing, local and community",/government/publications/letter-from-the-dluhc-secretary-of-state-to-the-residential-property-developer-industry-on-a-new-approach-to-building-safety
International,/research-for-development-outputs/modern-slavery-prevention-and-responses-in-south-asia-an-evidence-map
International,/government/news/pm-call-with-prime-minister-trudeau-of-canada-8-january-2020
International,/research-for-development-outputs/short-duration-cowpea-varieties-for-cultivation-as-a-niche-crop-in-various-cropping-systems-for-enhanced-pulse-production
International,/research-for-development-outputs/the-state-of-research-and-development-of-microbicides-for-the-prevention-of-hiv
International,/government/speeches/idlib-turkey-and-opposition-groups-the-support-space-and-time-to-separate-out-the-terrorists-and-tackle-them-themselves
International,/research-for-development-outputs/conditions-for-the-most-robust-multidimensional-poverty-comparisons-using-counting-measures-and-ordinal-variables
International,/research-for-development-outputs/adaptation-to-climate-change-or-non-climatic-stressors-in-semi-arid-regions-evidence-of-gender-differentiation-in-three-agrarian-districts-of-ghana
International,/research-for-development-outputs/special-issue-on-participatory-modelling-of-community-forest-landscapes
International,/research-for-development-outputs/is-there-a-teacher-motivation-crisis-in-tanzania
International,/research-for-development-outputs/an-assessment-of-water-sanitation-and-hygiene-wash-practices-and-quality-of-routinely-collected-data-in-machakos-county-kenya
International,/government/publications/the-investment-facility-for-utilising-uk-specialist-expertise
International,/research-for-development-outputs/gender-health-and-development-i-gender-equity-and-sector-wide-approaches
International,/research-for-development-outputs/which-family-members-use-the-best-nets-an-analysis-of-the-condition-of-mosquito-nets-and-their-distribution-within-households-in-tanzania
International,/research-for-development-outputs/budget-accountability-and-participation-gsdrc-helpdesk-research-report-973
International,/research-for-development-outputs/linking-the-hydrological-cycle-and-rural-livelihoods-a-case-study-in-the-luvuvhu-catchment-south-africa-12518
International,/government/news/disasters-uk-medics-to-help-in-overseas-emergencies
International,/government/news/foreign-secretary-urges-rapid-return-to-law-and-order-in-tunisia
International,/government/publications/dfid-junior-staff-salary-data
International,/government/speeches/transcript-of-interview-during-visit-to-saudi-arabia
International,/research-for-development-outputs/ethical-consumption-in-chile-and-brazil
International,/research-for-development-outputs/fluoroquinolones-for-treating-tuberculosis-presumed-drug-sensitive
International,/research-for-development-outputs/contracting-out-water-and-sanitation-services-volume-2-case-studies-and-analyses-of-service-and-management-contracts-in-developing-countries
International,/research-for-development-outputs/a-new-multibranch-model-for-metals-in-river-systems-impacts-and-control-of-tannery-wastes-in-bangladesh
International,/research-for-development-outputs/cgiar-challenge-program-on-water-and-food-synthesis-2006
International,/research-for-development-outputs/crop-protection-communication-and-research-promotional-strategies-for-semi-arid-east-africa-kenya-and-tanzania-strategy-validation-m-and-e-methodology-development-and-lessons-for-policy-final-technical-report
International,/research-for-development-outputs/extreme-poverty-and-the-need-for-a-new-political-settlement-the-case-of-bangladesh-shiree-working-paper-no-26
Life circumstances,/alter-a-will-after-a-death
Life circumstances,/government/publications/deputy-annual-report-accounting-for-your-actions
Life circumstances,/government/statistics/monthly-births-and-deaths-northern-ireland-may-2020
Life circumstances,/government/statistics/deaths-registered-by-area-of-usual-residence-uk-2020
Life circumstances,/government/statistics/deaths-registered-in-ni-week-ending-1-may-2020
Life circumstances,/update-property-records-someone-dies
Life circumstances,/government/statistics/deaths-registered-in-northern-ireland-week-ending-29-may-2020
Life circumstances,/government/statistics/conceptions-in-england-and-wales-2019
Life circumstances,/government/statistics/impact-of-registration-delays-on-mortality-statistics-in-england-and-wales-2020
Life circumstances,/government/statistics/recent-trends-in-suicide-changes-that-have-occurred-in-england-and-wales-up-to-2018
Life circumstances,/government/publications/office-of-the-public-guardian-business-plan-2020-to-2021
Life circumstances,/government/statistics/divorces-in-england-and-wales-2020
Life circumstances,/government/statistics/deaths-registered-by-area-in-england-and-wales-monthly-provisional-october-2020
Life circumstances,/government/statistics/deaths-registered-in-northern-ireland-week-ending-30th-july-2021
Life circumstances,/government/publications/opg-privacy-notice-customer-research
Life circumstances,/government/statistics/deaths-registered-in-northern-ireland-week-ending-10th-september-2021
Life circumstances,/government/statistics/monthly-mortality-analysis-england-and-wales-october-2021
Life circumstances,/government/statistics/deaths-registered-weekly-in-england-and-wales-provisional-week-ending-12-february-2021
Life circumstances,/government/statistics/child-and-infant-mortality-in-england-and-wales-2020
Life circumstances,/make-decisions-for-someone
Life circumstances,/government/statistics/deaths-registered-weekly-in-england-and-wales-provisional-week-ending-22-october-2021
Life circumstances,/government/statistics/deaths-registered-in-northern-ireland-week-ending-24th-july-2020
Life circumstances,/government/statistics/monthly-births-and-deaths-northern-ireland-february-2020
Life circumstances,/government/statistics/deaths-registered-in-northern-ireland-week-ending-5th-november-2021
Life circumstances,/government/statistics/monthly-deaths-northern-ireland-march-2021
Life circumstances,/government/statistics/registrar-general-northern-ireland-annual-report-2020
Money,/government/publications/issue-briefing-tax-avoidance-scheme-users-to-make-upfront-payments
Money,/government/publications/international-tax-uk-spain-double-taxation-convention-form-spain-company
Money,/government/publications/diverted-profits-tax-changes
Money,/government/publications/employment-status-review
Money,/government/statistics/income-tax-liabilities-statistics-tax-year-2012-to-2013-to-tax-year-2014-to-2015
Money,/government/publications/income-tax-leaving-the-uk-getting-your-tax-right-p85
Money,/government/publications/hmrc-tax-agent-segmentation-research
Money,/government/publications/community-infrastructure-levy-appeal-decision-redevelopment-of-site-including-demolition
Money,/government/publications/self-assessment-partnership-tax-return-appeal-against-late-filing-penalties-sa371
Money,/government/publications/abolishing-the-10-rate-of-tax-on-savings-income-a-fact-sheet
Money,/government/publications/pension-schemes-service-availability-and-issues
Money,/government/statistics/child-benefit-geographical-analysis-august-2014
Money,/government/publications/stamp-duty-stamp-duty-reserve-tax-transfers-of-listed-securities-and-connected-persons
Money,/guidance/register-for-climate-change-levy
Money,/government/statistics/research-and-development-tax-credits-statistics-august-2013
Money,/government/publications/emcs-fallback-fallback-export-reception-list-fb21
Money,/government/publications/issue-briefing-our-approach-to-debt-collection
Money,/government/publications/revenue-and-customs-brief-5-2015-aggregates-levy-tax-credits-in-northern-ireland
Money,/guidance/send-documents-to-support-declarations-for-the-customs-declaration-service
Money,/moving-to-uk
Money,/government/consultations/extra-statutory-concessions-technical-consultation-on-draft-legislation
Money,/government/consultations/draft-regulations-tax-conditionality-for-the-hidden-economy
Money,/guidance/calculate-the-weight-of-your-aggregate-for-aggregates-levy
Money,/government/publications/revenue-and-customs-brief-33-2014-reporting-payment-protection-insurance-interest-payments
Money,/government/news/tough-new-sanctions-announced-for-offshore-tax-evaders
Money,/government/news/payment-protection-insurance-ppi-claims-and-the-official-receiver
"Parenting, childcare and children's services ",/government/publications/improvement-notice-issued-to-newham-council
"Parenting, childcare and children's services ",/government/statistics/healthy-child-healthy-future-health-review-statistics-for-northern-ireland-202021
"Parenting, childcare and children's services ",/government/publications/reducing-offending-by-children-in-childrens-homes
"Parenting, childcare and children's services ",/government/news/multi-million-pound-boost-for-new-families-as-adoptions-increase
"Parenting, childcare and children's services ",/government/publications/children-and-young-peoples-continuing-care-national-framework
"Parenting, childcare and children's services ",/government/publications/child-safeguarding-practice-review-panel-first-national-review
"Parenting, childcare and children's services ",/government/publications/improvement-notice-issued-to-lancashire-county-council
"Parenting, childcare and children's services ",/guidance/daycare-roles-that-must-register-with-ofsted
"Parenting, childcare and children's services ",/government/statistics/childrens-well-being-2018
"Parenting, childcare and children's services ",/government/news/conceptions-in-young-adults-at-record-low-in-england
"Parenting, childcare and children's services ",/government/publications/childcare-and-early-years-survey-of-parents-2018-follow-up-survey-report
"Parenting, childcare and children's services ",/government/publications/childcare-information-for-parents
"Parenting, childcare and children's services ",/government/news/ofsted-to-visit-local-authorities-and-childrens-social-care-providers
"Parenting, childcare and children's services ",/guidance/criminal-record-checks-for-childminders-and-childcare-workers
"Parenting, childcare and children's services ",/government/speeches/children-and-families-minister-speech-at-ncasc-conference
"Parenting, childcare and children's services ",/guidance/social-care-plans-from-september-2020
"Parenting, childcare and children's services ",/government/publications/send-guide-for-health-professionals
"Parenting, childcare and children's services ",/government/publications/antenatal-infection-screening-regional-data
"Parenting, childcare and children's services ",/government/publications/improvement-notice-issued-to-sefton-council-may-2021
"Parenting, childcare and children's services ",/government/publications/understanding-whether-the-current-name-of-tax-free-childcare-acts-as-a-barrier-to-take-up
"Parenting, childcare and children's services ",/government/publications/attending-an-irm-panel-information-sheets
"Parenting, childcare and children's services ",/government/publications/disabled-childrens-access-to-childcare-dcatch-a-qualitative-evaluation
"Parenting, childcare and children's services ",/government/publications/adoption-support-fund-letter-from-edward-timpson
"Parenting, childcare and children's services ",/government/publications/safeguarding-learners-peta-limited
"Parenting, childcare and children's services ",/government/collections/ofsted-social-care-annual-report-201314
"Parenting, childcare and children's services ",/government/publications/radiation-association-with-childhood-cancer
Regional and local government,/government/statistics/substance-misuse-april-to-june-2016
Regional and local government,/government/news/10-point-plan-for-scottish-islands
Regional and local government,/government/statistics/local-authority-revenue-expenditure-and-financing-england-2016-to-2017-provisional-outturn
Regional and local government,/government/publications/indicative-council-tax-freeze-grant-allocations-2014-to-2015
Regional and local government,/government/news/great-welsh-success-celebrated
Regional and local government,/government/news/carmichael-hosts-2013-poppyscotland-appeal-launch
Regional and local government,/government/news/brokenshire-round-table-talks-paused
Regional and local government,/government/speeches/secretary-of-state-for-wales-fast-growth-50-2011
Regional and local government,/government/news/levelling-up-fund-helping-bring-clydesdale-horses-back-to-glasgows-largest-park
Regional and local government,/government/statistics/collection-rates-for-council-tax-and-national-non-domestic-rates-in-england-2009-to-2010
Regional and local government,/government/publications/revenue-received-by-department-from-film-and-television-productions
Regional and local government,/government/news/technip-offshore-wind-showcases-pioneering-technology-during-secretary-of-state-for-scotland-visit
Regional and local government,/government/statistics/nhs-diagnostic-and-therapy-service-waiting-times-april-2016
Regional and local government,/government/news/welsh-secretary-welcomes-gm-ellesmere-port-announcement
Regional and local government,/government/statistics/digest-of-statistics-for-the-public-record-office-of-ni-201718
Regional and local government,/government/statistics/security-situation-statistics-for-northern-ireland-period-ending-31-may-2017
Regional and local government,/government/news/we-will-remember-them
Regional and local government,/government/news/exports-of-scottish-food-and-drink-grow
Regional and local government,/government/news/paterson-hails-city-of-culture-success
Regional and local government,/government/publications/draft-council-tax-reports-2020-to-2021
Regional and local government,/government/news/hrh-the-princess-royal-attends-the-official-opening-of-belfast-metropolitan-college
Regional and local government,/government/statistics/births-deaths-and-other-vital-events-third-quarter-2016
Regional and local government,/government/publications/spend-on-departmental-advertising
Regional and local government,/government/publications/rotherham-intervention-conclusion
Regional and local government,/government/publications/82022-council-tax-information-letter-01-april-2022
Regional and local government,/government/news/bellwin-scheme-activated-to-support-local-communities-in-herefordshire-affected-by-flooding
Society and culture,/government/statistics/life-opportunities-survey-wave-3-results
Society and culture,/government/news/new-charity-investigation-healthy-planet-foundation
Society and culture,/government/news/long-lost-painting-by-watteau-under-threat-of-export
Society and culture,/government/news/tim-loughton-responds-to-major-report-on-child-sexual-exploitation
Society and culture,/government/publications/south-yorkshire-fire-and-rescue-service
Society and culture,/government/publications/easy-read-the-equality-act-making-equality-real
Society and culture,/government/collections/changing-futures
Society and culture,/government/news/the-sustainable-communities-amendment-bill-has-received-royal-assent
Society and culture,/government/news/charity-commission-finds-national-trust-did-not-breach-charity-law
Society and culture,/government/publications/research-publications
Society and culture,/government/news/new-commission-to-ensure-future-generations-learn-from-the-holocaust
Society and culture,/government/news/trustee-of-the-national-maritime-museum
Society and culture,/government/news/rail-companies-join-forces-to-champion-safer-giving
Society and culture,/government/speeches/the-foothills-of-the-digital-age
Society and culture,/government/news/the-secretary-of-state-for-digital-culture-media-sport-makes-arts-council-england-appointments
Society and culture,/government/publications/civil-service-fast-stream-promoting-diversity-and-inclusion
Society and culture,/government/publications/lesbian-and-gay-foundation
Society and culture,/government/publications/digital-skills-for-the-uk-economy
Society and culture,/government/publications/draft-statutory-guidance-for-local-duties-on-child-poverty-report-on-and-response-to-formal-consultation
Society and culture,/government/news/horniman-museum-reappointment
Society and culture,/government/news/charity-commission-chair-welcomes-new-members-of-the-regulator
Society and culture,/government/news/minister-for-africa-welcomes-signing-of-mali-peace-accord
Society and culture,/government/speeches/henry-moore-prints-and-sculptures
Society and culture,/government/speeches/the-queen-s-speech-2012
Society and culture,/government/publications/almshouse-factsheets
Society and culture,/government/publications/faith-leader-training-prospectus-and-application-form
Transport,/government/publications/musa-foods-uk-limited
Transport,/government/publications/commuting-trends-in-england-1988-to-2015
Transport,/government/publications/number-of-examiners-assaulted-or-offered-bribes-2012-to-2013
Transport,/government/statistics/passenger-rail-performance-january-to-march-2020
Transport,/driving-motorhome
Transport,/aaib-reports/aaib-investigation-to-grumman-aa-5-traveller-g-bash-and-cessna-172n-skyhawk-g-brbi
Transport,/government/publications/m1-junction-19-improvement-decision-letter
Transport,/government/news/appeal-court-categorically-rejects-all-legal-challenges-to-hs2
Transport,/aaib-reports/9-1978-boeing-707-321c-g-bebp-14-may-1977
Transport,/aaib-reports/cessna-f177rg-g-bfiv-22-august-1993
Transport,/government/news/green-light-for-increase-in-speed-through-roadworks
Transport,/government/news/accident-involving-a-light-aircraft-at-teeside-international-airport-25-september-2021
Transport,/raib-reports/signal-passed-at-danger-and-subsequent-near-miss-at-didcot-north-junction
Transport,/government/publications/ts-no302016-the-nairobi-international-convention-on-the-removal-of-wrecks
Transport,/guidance/changes-to-the-driving-licence-and-categories
Transport,/government/news/owner-reunited-with-motorway-rescue-dog
Transport,/carriage-of-dangerous-goods-test-and-certificate-northern-ireland
Transport,/government/news/signs-of-the-future-new-technology-testbed-on-the-a2-and-m2-in-kent
Transport,/aaib-reports/fokker-f50-oo-vlf-15-january-2009
Transport,/aaib-reports/jabiru-ul-d-g-jaab-15-august-2006
Transport,/government/publications/hs2-property-schemes-maps-staffordshire-and-manchester
Transport,/aaib-reports/jurca-sirocco-g-azos-25-august-2003
Transport,/government/news/planned-roadworks-in-central-southern-england-weekly-summary-for-monday-18-april-to-sunday-24-april-2016
Transport,/government/publications/request-for-salt-saturator-information-foi
Transport,/government/news/collision-between-train-and-maintenance-equipment-stowe-hill-tunnel
Transport,/aaib-reports/short-sd-330-g-bitv-6-july-1983
Unspecified,/hmrc-internal-manuals/vat-education-manual/vatedu67000
Unspecified,/government/publications/co7-7sl-veolia-environmental-services-uk-plc-environmental-permit-application-advertisement
Unspecified,/hmrc-internal-manuals/claimant-compliance-manual/ccm6790
Unspecified,/government/publications/recreational-craft-regulations-2017/recreational-craft-regulations-2017-northern-ireland
Unspecified,/government/publications/research-review-series-science/research-review-series-science
Unspecified,/hmrc-internal-manuals/partnership-manual/pm163480
Unspecified,/protected-food-drink-names/roero
Unspecified,/hmrc-internal-manuals/oil-taxation-manual/ot30495
Unspecified,/government/statistics/immigration-statistics-year-ending-june-2019/about-this-release
Unspecified,/government/people/lawrence-slade
Unspecified,/government/publications/committee-on-standards-in-public-life-269th-meeting-on-thursday-18-july-2019-agenda-and-minutes--2
Unspecified,/hmrc-internal-manuals/compliance-operational-guidance/cog15050
Unspecified,/hmrc-internal-manuals/vat-statutory-interest-manual/vsim2100
Unspecified,/hmrc-internal-manuals/national-insurance-manual/nim17700
Unspecified,/government/organisations/police-service-of-northern-ireland/about
Unspecified,/government/publications/cuba-apply-for-a-uk-visa/how-to-apply-for-a-uk-visa-in-cuba
Unspecified,/government/publications/work-and-health-programme-provider-guidance/chapter-10-change-of-circumstances-and-notifications
Unspecified,/government/publications/number-of-driver-who-hold-c-e-category-passed-ce-2010-to-2011-and-have-completed-35-hours-periodic-training/number-of-driver-who-hold-c-e-category-passed-ce-2010-to-2011-and-have-completed-35-hours-periodic-training
Unspecified,/hmrc-internal-manuals/construction-industry-scheme-reform/cisr44070
Unspecified,/protected-food-drink-names/plagies-melitona
Unspecified,/hmrc-internal-manuals/capital-gains-manual/cg73665
Unspecified,/government/people/daniel-pruce--2
Unspecified,/government/publications/strategic-objectives-for-the-health-and-social-care-information-centre
Unspecified,/government/publications/wa7-1da-environmental-permit-application-advertisement/wa7-1da-environmental-permit-application-advertisement
Unspecified,/hmrc-internal-manuals/corporate-intangibles-research-and-development-manual/cird20220
Unspecified,/hmrc-internal-manuals/oils-technical-manual/hcoteg122600
Welfare,/government/statistics/dwp-statistical-summaries-2016
Welfare,/government/statistics/universal-credit-29-april-2013-to-13-february-2020
Welfare,/government/publications/work-experience-privacy-impact-assessment
Welfare,/government/publications/housing-benefit-adjudication-circulars-2013
Welfare,/government/news/new-ministerial-team-unveiled
Welfare,/government/statistics/benefit-sanctions-statistics-to-july-2020-experimental
Welfare,/government/news/judge-rejects-claims-that-work-schemes-are-forced-labour
Welfare,/government/statistics/list-of-scheduled-upcoming-ad-hoc-statistical-releases
Welfare,/government/statistics/early-feedback-from-claimants-at-risk-of-benefit-cap-in-april-2013
Welfare,/government/collections/industrial-injuries-disablement-benefit-quarterly-statistics
Welfare,/government/statistics/income-dynamics-2016-to-2017
Welfare,/government/publications/diffuse-pleural-thickening-iiac-report
Welfare,/government/statistics/census-output-area-data-on-workless-benefit-claimants-2013-wales
Welfare,/government/publications/community-covenants-in-the-north-east
Welfare,/government/consultations/shaping-future-support-the-health-and-disability-green-paper
Welfare,/government/publications/housing-benefit-and-council-tax-benefit-guidance-part-d
Welfare,/government/statistics/income-dynamics-2010-to-2019
Welfare,/government/statistics/universal-credit-statistics-29-april-2013-to-14-october-2021
Welfare,/guidance/mod-war-detectives-the-joint-casualty-and-compassionate-centre-commemorations-team-what-we-do
Welfare,/government/publications/la-welfare-direct-bulletins-2018
Welfare,/government/news/unemployment-remains-at-four-decade-low
Welfare,/government/publications/child-support-maintenance-calculation-regulations-2012-impact-assessment
Welfare,/government/news/department-for-work-and-pensions-welcomes-new-ministerial-team
Welfare,/government/collections/reducing-fraud-and-error-in-housing-benefit-financial-support-for-local-authorities
Welfare,/government/news/public-consultation-the-jobseeker-s-allowance-mandatory-work-activity-regulations-2011
Welfare,/government/publications/tax-credits-customer-survey-and-digital-renewals-evaluation
Work,/government/news/new-initiative-unpicks-complicated-data-for-disability-groups
Work,/government/news/national-employment-savings-trust-corporation-trustee-member-appointments
Work,/government/consultations/electronic-balloting-for-industrial-action-knight-review-call-for-evidence
Work,/government/consultations/agency-workers-recommendations
Work,/government/publications/low-pay-commission-research-one-sided-flexibility-report-december-2018
Work,/government/news/over-2-million-of-the-uks-workers-set-for-a-pay-rise-on-1-april-2017
Work,/government/publications/confederation-of-shipbuilding-and-engineering-unions-other-related-documents
Work,/government/news/the-macroeconomic-impact-from-extending-working-lives
Work,/government/publications/independent-democratic-union-other-related-documents-pdf-format
Work,/government/collections/employment-relations-research-series
Work,/government/publications/modernising-communications-at-aspect-a-union-modernisation-fund-project
Work,/government/statistics/average-weekly-earnings-bonus-payments-in-great-britain-financial-year-ending-2016
Work,/government/consultations/low-pay-commission-consultation-2019
Work,/government/statistics/fatal-injuries-in-the-workplace-1-july-to-30-september-2018
Work,/government/publications/trade-union-representation-g4s-cash-services-uk-national-negotiation-committee-reps
Work,/government/news/press-briefing-morning-8-july-2014
Work,/government/publications/state-pension-changes-slides-for-stakeholders
Work,/government/publications/federation-of-window-cleaners-other-related-documents
Work,/government/publications/employment-agency-standards-eas-inspectorate-annual-report-2017-to-2018
Work,/government/publications/cac-outcome-iwgb-cofely-workplace-limited
Work,/government/publications/research-into-training-for-young-adults-aged-19-to-24-who-are-not-in-education-employment-or-training-neet
Work,/government/publications/equal-justice-the-union-members-statement-pdf-format
Work,/government/publications/university-and-college-union-annual-returns
Work,/government/publications/new-state-pension-qualitative-research-on-the-ideal-customer-journey
Work,/government/publications/work-programme-building-best-practice-report
Work,/government/publications/cac-outcome-neu-nasuwt-stonyhurst-college
